[
  {"model": "education.group", "pk": 1, "fields": {"name": "1-Group"}},
  {"model": "education.group", "pk": 2, "fields": {"name": "2-Group"}},
  {"model": "education.group", "pk": 3, "fields": {"name": "3-Group"}},
  {"model": "education.group", "pk": 4, "fields": {"name": "4-Group"}},
  {"model": "education.group", "pk": 5, "fields": {"name": "5-Group"}},
  {"model": "education.group", "pk": 6, "fields": {"name": "6-Group"}},
  {"model": "education.group", "pk": 7, "fields": {"name": "7-Group"}},
  {"model": "education.group", "pk": 8, "fields": {"name": "8-Group"}},
  {"model": "education.group", "pk": 9, "fields": {"name": "9-Group"}},
  {"model": "education.student", "pk": 1, "fields": {"group": 9, "name": "1-Student-9"}},
  {"model": "education.student", "pk": 2, "fields": {"group": 1, "name": "2-Student-1"}},
  {"model": "education.student", "pk": 3, "fields": {"group": 8, "name": "3-Student-8"}},
  {"model": "education.student", "pk": 4, "fields": {"group": 7, "name": "4-Student-7"}},
  {"model": "education.student", "pk": 5, "fields": {"group": 9, "name": "5-Student-9"}},
  {"model": "education.student", "pk": 6, "fields": {"group": 5, "name": "6-Student-5"}},
  {"model": "education.student", "pk": 7, "fields": {"group": 7, "name": "7-Student-7"}},
  {"model": "education.student", "pk": 8, "fields": {"group": 8, "name": "8-Student-8"}},
  {"model": "education.student", "pk": 9, "fields": {"group": 6, "name": "9-Student-6"}},
  {"model": "education.student", "pk": 10, "fields": {"group": 4, "name": "10-Student-4"}},
  {"model": "education.student", "pk": 11, "fields": {"group": 3, "name": "11-Student-3"}},
  {"model": "education.student", "pk": 12, "fields": {"group": 9, "name": "12-Student-9"}},
  {"model": "education.student", "pk": 13, "fields": {"group": 4, "name": "13-Student-4"}},
  {"model": "education.student", "pk": 14, "fields": {"group": 2, "name": "14-Student-2"}},
  {"model": "education.student", "pk": 15, "fields": {"group": 1, "name": "15-Student-1"}},
  {"model": "education.student", "pk": 16, "fields": {"group": 7, "name": "16-Student-7"}},
  {"model": "education.student", "pk": 17, "fields": {"group": 2, "name": "17-Student-2"}},
  {"model": "education.student", "pk": 18, "fields": {"group": 8, "name": "18-Student-8"}},
  {"model": "education.student", "pk": 19, "fields": {"group": 8, "name": "19-Student-8"}},
  {"model": "education.student", "pk": 20, "fields": {"group": 3, "name": "20-Student-3"}},
  {"model": "education.student", "pk": 21, "fields": {"group": 6, "name": "21-Student-6"}},
  {"model": "education.student", "pk": 22, "fields": {"group": 2, "name": "22-Student-2"}},
  {"model": "education.student", "pk": 23, "fields": {"group": 1, "name": "23-Student-1"}},
  {"model": "education.student", "pk": 24, "fields": {"group": 3, "name": "24-Student-3"}},
  {"model": "education.student", "pk": 25, "fields": {"group": 6, "name": "25-Student-6"}},
  {"model": "education.student", "pk": 26, "fields": {"group": 3, "name": "26-Student-3"}},
  {"model": "education.student", "pk": 27, "fields": {"group": 3, "name": "27-Student-3"}},
  {"model": "education.student", "pk": 28, "fields": {"group": 8, "name": "28-Student-8"}},
  {"model": "education.student", "pk": 29, "fields": {"group": 1, "name": "29-Student-1"}},
  {"model": "education.student", "pk": 30, "fields": {"group": 4, "name": "30-Student-4"}},
  {"model": "education.student", "pk": 31, "fields": {"group": 5, "name": "31-Student-5"}},
  {"model": "education.student", "pk": 32, "fields": {"group": 6, "name": "32-Student-6"}},
  {"model": "education.student", "pk": 33, "fields": {"group": 5, "name": "33-Student-5"}},
  {"model": "education.student", "pk": 34, "fields": {"group": 4, "name": "34-Student-4"}},
  {"model": "education.student", "pk": 35, "fields": {"group": 4, "name": "35-Student-4"}},
  {"model": "education.student", "pk": 36, "fields": {"group": 1, "name": "36-Student-1"}},
  {"model": "education.student", "pk": 37, "fields": {"group": 1, "name": "37-Student-1"}},
  {"model": "education.student", "pk": 38, "fields": {"group": 8, "name": "38-Student-8"}},
  {"model": "education.student", "pk": 39, "fields": {"group": 8, "name": "39-Student-8"}},
  {"model": "education.student", "pk": 40, "fields": {"group": 6, "name": "40-Student-6"}},
  {"model": "education.student", "pk": 41, "fields": {"group": 4, "name": "41-Student-4"}},
  {"model": "education.student", "pk": 42, "fields": {"group": 1, "name": "42-Student-1"}},
  {"model": "education.student", "pk": 43, "fields": {"group": 2, "name": "43-Student-2"}},
  {"model": "education.student", "pk": 44, "fields": {"group": 6, "name": "44-Student-6"}},
  {"model": "education.student", "pk": 45, "fields": {"group": 4, "name": "45-Student-4"}},
  {"model": "education.student", "pk": 46, "fields": {"group": 7, "name": "46-Student-7"}},
  {"model": "education.student", "pk": 47, "fields": {"group": 9, "name": "47-Student-9"}},
  {"model": "education.student", "pk": 48, "fields": {"group": 9, "name": "48-Student-9"}},
  {"model": "education.student", "pk": 49, "fields": {"group": 6, "name": "49-Student-6"}},
  {"model": "education.student", "pk": 50, "fields": {"group": 1, "name": "50-Student-1"}},
  {"model": "education.student", "pk": 51, "fields": {"group": 8, "name": "51-Student-8"}},
  {"model": "education.student", "pk": 52, "fields": {"group": 4, "name": "52-Student-4"}},
  {"model": "education.student", "pk": 53, "fields": {"group": 4, "name": "53-Student-4"}},
  {"model": "education.student", "pk": 54, "fields": {"group": 6, "name": "54-Student-6"}},
  {"model": "education.student", "pk": 55, "fields": {"group": 4, "name": "55-Student-4"}},
  {"model": "education.student", "pk": 56, "fields": {"group": 2, "name": "56-Student-2"}},
  {"model": "education.student", "pk": 57, "fields": {"group": 8, "name": "57-Student-8"}},
  {"model": "education.student", "pk": 58, "fields": {"group": 1, "name": "58-Student-1"}},
  {"model": "education.student", "pk": 59, "fields": {"group": 6, "name": "59-Student-6"}},
  {"model": "education.student", "pk": 60, "fields": {"group": 2, "name": "60-Student-2"}},
  {"model": "education.student", "pk": 61, "fields": {"group": 2, "name": "61-Student-2"}},
  {"model": "education.student", "pk": 62, "fields": {"group": 4, "name": "62-Student-4"}},
  {"model": "education.student", "pk": 63, "fields": {"group": 7, "name": "63-Student-7"}},
  {"model": "education.student", "pk": 64, "fields": {"group": 4, "name": "64-Student-4"}},
  {"model": "education.student", "pk": 65, "fields": {"group": 9, "name": "65-Student-9"}},
  {"model": "education.student", "pk": 66, "fields": {"group": 6, "name": "66-Student-6"}},
  {"model": "education.student", "pk": 67, "fields": {"group": 4, "name": "67-Student-4"}},
  {"model": "education.student", "pk": 68, "fields": {"group": 5, "name": "68-Student-5"}},
  {"model": "education.subject", "pk": 1, "fields": {"name": "1-Subject"}},
  {"model": "education.subject", "pk": 2, "fields": {"name": "2-Subject"}},
  {"model": "education.subject", "pk": 3, "fields": {"name": "3-Subject"}},
  {"model": "education.subject", "pk": 4, "fields": {"name": "4-Subject"}},
  {"model": "education.subject", "pk": 5, "fields": {"name": "5-Subject"}},
  {"model": "education.subject", "pk": 6, "fields": {"name": "6-Subject"}}
]